Region,Proportion
Asia,0.595329741
Africa,0.171927123
Europe,0.095842956
Americas,0.075955863
South America,0.055555556
Oceania,0.005388761